{"mode": "train", "batchSize": 4, "cacheBatchSize": 24, "cacheRefreshRate": 1000, "nEpochs": 30, "start_epoch": 0, "nGPU": 1, "optim": "SGD", "lr": 0.0001, "lrStep": 5, "lrGamma": 0.5, "weightDecay": 0.001, "momentum": 0.9, "nocuda": false, "threads": 12, "seed": 123, "dataPath": "/nfs/ibrahimi/data/", "runsPath": "/nfs/ibrahimi/runs/", "savePath": "/nfs/ibrahimi/runs/Nov19_14-40-32_vgg16_netvlad/checkpoints", "cachePath": "/scratch/1934665.batch1.lisa.surfsara.nl", "resume": "", "ckpt": "latest", "evalEvery": 1, "patience": 10, "dataset": "pittsburgh", "arch": "vgg16", "pooling": "netvlad", "num_clusters": 64, "margin": 0.1, "split": "val", "fromscratch": false}